Project,HoneyPots,Running time-S,Running time-N,Running time-A
10,5,0.801361654,0.964261451,0.791730806
,10,8.204709138,7.887082388,7.210737924
,15,41.75646695,42.16405516,45.74315091