Project,HoneyPots,Running time-S,Running time-N,Running time-A
15,5,0.917807385,0.915031161,0.73407977
,10,8.429844052,8.761497524,8.81201882
,15,42.64863879,35.95754318,46.1913863