Project,HoneyPots,Running time-S,Running time-N,Running time-A
5,5,0.578788301,0.561123337,0.632195935
,10,6.829453866,6.979853982,6.695873602
,15,51.01943594,34.3985943,41.21696813